model_type_id,total_sales,original_price,selling_price
1,1563,15990,11990
2,4909,15990,11990
3,701,17990,13990
4,5241,17990,13990
5,8837,15990,11990
6,4531,17990,13990
7,6953,11990,10490
8,3584,10990,9490
9,8914,10990,9490
10,6711,10990,9490
11,4925,10990,9490
12,3994,11990,10490
13,4762,16990,15990
14,1876,16990,15990
15,6299,11990,10490
16,4227,18990,17990
17,1388,18990,17990
18,8683,12990,10490
19,3732,12990,11960
20,859,11919,11779
21,3701,18979,18979
22,1364,10990,8990
23,777,25990,19990
24,4176,15990,15990
25,6262,14990,14990
26,6033,35990,29990
27,3416,35990,29990
28,3332,25990,19990
29,7482,14990,14990
30,7942,15990,15990
31,7418,17990,16990
32,4214,17990,16990
33,7258,14990,14990
34,7409,25990,19990
35,6723,12319,12199
36,542,21990,21990
37,3876,15999,15999
38,8344,10990,8990
39,6167,15990,15990
40,3936,38990,35990
41,624,12990,10990
42,7308,20990,16990
43,7873,12990,10990
44,1912,13499,13499
45,7882,15999,15999
46,838,18380,18380
47,5292,46990,39990
48,974,17990,16990
49,7920,19990,19990
50,3809,19990,19990
51,2892,28989,26798
52,1979,20990,16990
53,6285,13990,12990
54,1268,13990,12990
55,7560,35990,27990
56,5145,23990,21990
57,839,25990,23490
58,7274,29990,25990
59,7161,29990,25990
60,4639,12989,12889
61,4094,23990,21990
62,7791,25990,23490
63,4632,25990,23490
64,542,23990,21990
65,691,13499,13499
66,2893,20990,19990
67,8043,9989,9989
68,3244,24989,24989
69,1376,18990,10990
70,5202,11249,11249
71,8972,38990,35990
72,3376,24990,24990
73,1147,12990,8990
74,7483,29999,29999
75,2903,29489,29489
76,6909,46990,39990
77,4841,20990,15990
78,4123,20990,19990
79,3586,20990,13990
80,8450,20999,20999
81,7908,20990,15990
82,1009,25489,24719
83,3867,24990,24768
84,1294,18990,14990
85,809,60990,60990
86,1494,37990,34990
87,3378,23990,17990
88,3866,15990,15990
89,2189,37990,34990
90,5379,37990,34990
91,6287,20990,19990
92,8593,10990,10990
93,1281,18990,14990
94,1416,28990,21990
95,4465,14990,12990
96,4178,17000,17000
97,1656,27500,27500
98,7595,15000,15000
99,2592,15000,15000
100,3578,18000,18000
101,8611,20990,15990
102,7314,15000,15000
103,7704,11000,11000
104,2588,24667,23990
105,6629,19000,19000
106,4270,32990,29489
107,8333,12990,9490
108,4631,13990,13990
109,5991,15500,15500
110,3473,17999,17999
111,2865,17999,17999
112,5633,9940,9940
113,5564,12990,12990
114,7543,10000,10000
115,8598,15726,15726
116,5485,18000,18000
117,4210,12500,12500
118,8929,12500,12500
119,6989,22990,18990
120,406,22990,18990
121,3640,18000,18000
122,1009,13799,13799
123,7211,13899,13899
124,8231,21990,15990
125,6450,18990,14990
126,723,25889,25889
127,6478,4990,12990
128,5151,13400,8490
129,4426,15677,15677
130,2707,10000,10000
131,5538,25000,19990
132,5453,12000,12000
133,1764,21150,21150
134,5572,14995,14995
135,2979,9500,9500
136,3114,21150,21150
137,8333,13750,13750
138,3318,12990,12990
139,2432,12990,12990
140,8258,9500,9500
141,7755,15000,15000
142,5516,13500,13500
143,5985,15990,15990
144,7542,12990,10490
145,2992,22990,22990
146,4348,22990,22990
147,1388,13489,13489
148,5245,10990,8990
149,8986,17990,14990
150,5410,35990,27990
151,1424,16990,10990
152,8457,10990,7990
153,8709,20990,20990
154,1792,20990,20990
155,8429,17990,14990
156,2852,15990,10990
157,6520,14990,14990
158,7921,18990,10990
159,2622,9990,9990
160,488,13990,13990
161,2278,16990,10990
162,2253,14990,14990
163,7899,16990,16990
164,7329,19990,19990
165,4185,24990,24990
166,6194,10990,10990
167,4600,8490,8490
168,6706,18990,14990
169,2761,20990,13990
170,2248,30994,30994
171,4513,15990,10990
172,1812,21990,17890
173,4156,20990,20990
174,4762,14990,14990
175,8310,16990,12990
176,2554,16990,12990
177,6597,22990,22990
178,4955,22990,22990
179,3908,30990,30990
180,2579,22990,22990
181,8838,21999,21999
182,3110,22990,22990
183,4446,37990,34990
184,3590,22990,22990
185,1674,12990,12990
186,8469,29990,14990
187,8210,29990,17990
188,3819,21452,21452
189,4422,23990,17990
190,6235,21990,13990
191,3970,21990,15990
192,4939,24990,24990
193,3206,28990,16990
194,2641,28990,16890
195,8905,29999,29999
196,7878,21990,15990
197,1995,13489,13489
198,946,13489,13489
199,8652,10990,10990
200,3971,17990,17990
201,5692,17990,17990
202,6226,23990,17990
203,3493,22990,22990
204,5504,22990,22990
205,5094,22990,22990
206,6845,60990,60990
207,5210,7856,4999
208,3146,27990,27990
209,1561,15739,15739
210,5609,39990,38990
211,888,27990,27990
212,4674,7490,4999
213,1691,38999,38999
214,2495,9500,9490
215,2953,22990,18990
216,5729,41990,38990
217,2626,21990,13990
218,3918,45990,41990
219,3081,9990,9990
220,8672,12990,12990
221,7253,24900,24900
222,5405,13490,13490
223,7258,29990,17990
224,4296,18990,18990
225,6485,18990,18990
226,3431,18990,18990
227,621,41990,38990
228,439,55990,41990
229,2563,55990,41990
230,2831,9990,9990
231,8925,39990,38990
232,1381,9990,9990
233,4766,27990,21990
234,373,56990,56990
235,1027,12999,12999
236,1009,16999,16999
237,1343,13999,13999
238,6926,37990,34990
239,6007,37990,34990
240,3744,40990,37990
241,6303,40990,37990
242,6661,46990,39990
243,587,31999,31999
244,470,44999,44999
245,1040,69999,69999
246,448,44999,44999
247,900,71000,71000
248,535,71000,71000
249,619,80000,80000
250,471,83000,83000
251,1016,83000,83000
252,659,92000,92000
253,206,80000,80000
254,603,80000,80000
255,582,92000,92000
256,545,83000,83000
257,1072,39999,39999
258,637,76000,76000
259,961,82000,82000
260,1068,61000,61000
261,554,92000,92000
262,1346,70000,70000
263,1046,66000,66000
264,731,57000,57000
265,316,70000,70000
266,924,39999,39999
267,407,7799,7690
268,212,55000,44990
269,1062,9990,9990
270,841,15532,15532
271,531,9999,9999
272,1037,10999,10999
273,315,14000,10990
274,250,55000,44990
275,371,9999,9999
276,946,14999,14999
277,679,14500,13775
278,572,7833,5899
279,658,7999,7999
280,432,9999,6999
281,896,7799,7799
282,859,10499,10499
283,1338,24000,24000
284,733,7299,7299
285,648,8399,8399
286,854,12950,12950
287,700,55000,55000
288,1214,12999,12999
289,795,14000,10990
290,872,11500,5000
291,1099,12790,12790
292,293,29199,29199
293,285,70000,27990
294,864,60000,60000
295,337,9990,9990
296,1002,26299,26299
297,1046,50000,50000
298,1028,50000,50000
299,767,25990,25990
300,767,52990,52990
301,1032,19990,19990
302,419,12500,12500
303,1165,29999,29999
304,416,18000,9499
305,1281,16000,8499
306,658,80000,29999
307,1346,20000,10499
308,990,55000,55000
309,727,12791,12791
310,690,5699,5699
311,1283,42021,42021
312,1271,9999,9999
313,823,29999,29999
314,745,29999,29999
315,607,31971,31971
316,446,20000,20000
317,735,16990,16990
318,424,55000,22990
319,492,7499,7499
320,923,9990,9990
321,726,80000,29999
322,902,30990,30990
323,1284,55000,55000
324,1117,6980,6980
325,332,16990,16990
326,420,16990,16990
327,872,9990,9990
328,787,8499,8499
329,1237,14250,14250
330,1081,29990,29990
331,1107,25990,25990
332,742,19990,19990
333,731,6590,6590
334,829,15999,15999
335,1338,19990,19990
336,412,35990,35990
337,787,35990,35990
338,1012,9999,9999
339,332,9990,9990
340,899,25400,25400
341,631,17000,7000
342,1059,14990,7000
343,375,9999,9999
344,719,31490,31490
345,445,9000,9000
346,1019,22999,22999
347,637,10999,8199
348,1292,29990,12000
349,975,25999,25999
350,736,49999,24998
351,383,29790,29790
352,974,25999,25999
353,948,14162,14162
354,226,13990,13990
355,882,16790,16790
356,219,16996,16996
357,484,20998,20998
358,856,21001,21001
359,860,7990,7990
360,1128,18990,11849
361,317,8000,8000
362,247,8000,8000
363,1210,30600,30600
364,698,55999,49999
365,1513,57999,49999
366,1905,15599,15599
367,1182,7999,7999
368,1878,55999,46999
369,563,12999,12999
370,1348,36299,36299
371,532,15599,15599
372,492,35999,35999
373,881,15599,15599
374,1652,5299,5299
375,1383,14999,14999
376,1708,36299,36299
377,1554,6999,6999
378,758,8999,8999
379,1098,5299,5299
380,965,5299,5299
381,1540,14999,14999
382,634,7199,7199
383,1555,12999,12999
384,1809,10999,10999
385,1756,17999,17999
386,1157,38999,38999
387,523,40999,40999
388,710,8499,8499
389,1933,6999,6999
390,1733,63999,57999
391,1704,7199,7199
392,937,15999,15999
393,720,5299,5299
394,1320,5299,5299
395,1940,5840,5840
396,1478,65999,57999
397,645,5699,5699
398,1807,6299,6299
399,1865,5699,5699
400,1555,4990,4990
401,1055,4990,4990
402,1291,5299,5299
403,913,6299,6299
404,1882,6299,6299
405,404,63999,57999
406,1968,43999,43999
407,690,43999,43999
408,1560,35999,35999
409,1055,14499,14499
410,1431,6990,6990
411,1755,4999,4999
412,1874,17999,17999
413,1129,13199,13199
414,476,4890,4890
415,1565,4890,4890
416,1350,4499,4499
417,1594,7300,7300
418,1638,7499,7499
419,1765,55999,49999
420,912,9599,9599
421,514,4890,4890
422,973,12999,12999
423,478,83999,26499
424,1817,9599,9599
425,1224,17999,17999
426,939,4880,4880
427,1989,43999,43999
428,451,17999,17999
429,1460,13999,13999
430,1750,9999,9999
431,1778,13199,13199
432,980,9999,9999
433,540,9599,9599
434,842,17999,17999
435,701,15999,15999
436,1249,15999,15999
437,1596,10999,10999
438,1882,14999,14999
439,425,10999,10999
440,608,19999,19999
441,924,43999,43999
442,1991,7499,7499
443,1343,43999,43999
444,1542,38999,38999
445,1078,8499,8499
446,873,13999,13999
447,1835,17999,17999
448,1698,15999,15999
449,1991,62999,62999
450,1075,7990,7990
451,540,6999,6999
452,1671,32999,32999
453,707,13199,13199
454,1472,19999,19999
455,1017,15999,15999
456,1344,17999,17999
457,537,7999,7999
458,672,11999,11999
459,435,37999,37999
460,1758,37999,37999
461,1872,7990,7990
462,758,11999,11999
463,1560,7699,7699
464,1416,8499,8499
465,439,8690,8690
466,1202,5990,5990
467,1288,14500,14500
468,852,6749,6749
469,526,12490,12490
470,1324,7668,7668
471,5694,9999,8799
472,1517,7999,7299
473,7204,7999,7299
474,7977,15999,14999
475,5318,15999,14999
476,5195,7999,7499
477,6822,7999,7499
478,4289,10999,9999
479,5242,10999,9999
480,5513,9999,8799
481,10569,11999,11999
482,1886,10999,10999
483,8759,11999,11999
484,4283,10999,10999
485,4661,20999,17999
486,7890,20999,17999
487,6930,10999,9999
488,5290,10999,9999
489,3634,9999,8999
490,5400,9999,8999
491,7118,17999,16999
492,6521,17999,16999
493,1588,15999,14499
494,5745,15999,14499
495,8586,14999,13499
496,2351,14999,13499
497,7344,9999,8999
498,4618,16999,15499
499,7995,16999,15499
500,3828,16999,16499
501,9711,15999,15499
502,3627,15999,15499
503,7546,21999,19999
504,5954,18999,18499
505,9384,18999,18499
506,5903,16999,16499
507,4964,11999,9999
508,7292,19999,17999
509,1501,21999,19999
510,5470,17999,16999
511,1510,17999,16999
512,1956,18999,17999
513,8007,16999,15999
514,7101,18999,17999
515,219,10999,8999
516,2864,10999,8999
517,880,8999,7499
518,7102,8999,7499
519,3386,17999,14999
520,6268,23999,21999
521,8643,21999,19999
522,8283,23999,21999
523,2477,21999,19999
524,8268,18999,16999
525,8034,18999,16999
526,942,9999,9999
527,1221,11999,11999
528,9123,12999,12999
529,4851,12999,12999
530,10625,21999,19999
531,7651,21999,19999
532,7840,10999,10499
533,3569,16999,16999
534,4980,13999,13999
535,10741,7999,7499
536,9040,7999,7499
537,10375,13999,12499
538,1291,12999,11499
539,4910,12999,11499
540,10736,13999,12499
541,8861,8999,8499
542,6842,14999,14999
543,5918,15999,14999
544,919,10999,10499
545,475,29999,27999
546,5149,47999,47999
547,9180,26999,24999
548,7059,40999,37999
549,8474,41999,41999
550,7159,47999,47999
551,10421,41999,41999
552,223,17999,16999
553,3021,14999,13999
554,3688,31999,29999
555,10448,6999,6499
556,9162,43999,41999
557,9852,17999,14999
558,5736,27999,25999
559,6038,11999,11999
560,1507,17999,16999
561,1215,31999,29999
562,6705,34999,32999
563,218,34999,32999
564,8840,32999,29999
565,1485,7999,6999
566,7018,26999,25999
567,6642,15999,13999
568,2018,17999,14999
569,1197,14990,10999
570,10539,10999,8499
571,3488,14999,12999
572,9117,17999,17999
573,214,10999,10999
574,697,14990,10990
575,3143,14990,10990
576,5863,17999,17999
577,8564,13999,12499
578,5177,9990,9990
579,10381,9990,9990
580,5014,20999,20999
581,4542,20999,20999
582,968,10999,10499
583,5100,10999,10499
584,1389,9999,8999
585,2952,12999,10999
586,7701,12999,10999
587,2650,19999,17999
588,1142,16999,15999
589,4727,11999,9999
590,6852,21999,19999
591,3795,19999,17999
592,6949,10999,9999
593,9137,10999,9999
594,3021,9999,9999
595,1863,8999,8999
596,3153,10999,10999
597,4136,8999,8999
598,10075,11999,10999
599,4223,11999,10999
600,7829,15999,14999
601,2742,10999,10999
602,2885,13999,13999
603,2713,20999,17999
604,841,15999,14999
605,2495,10999,10499
606,3519,8999,8499
607,6788,17999,16999
608,4193,10999,10999
609,1415,17999,14999
610,3236,20999,19999
611,4893,18999,16999
612,5671,16999,14999
613,5027,18999,16999
614,5904,14999,14999
615,10460,29999,27999
616,9989,10999,8499
617,6154,12999,10499
618,6615,12999,10499
619,8488,11999,9499
620,9154,13999,11499
621,8941,10999,9999
622,4441,12999,11999
623,3982,12999,11999
624,4052,13999,11499
625,9372,11999,9499
626,9575,6999,6499
627,350,10999,8499
628,3166,19999,19999
629,4838,9999,8999
630,9426,16999,15999
631,2679,9999,8999
632,5111,12999,11999
633,9442,14999,13999
634,4807,8285,8285
635,1382,8490,8490
636,10303,17999,16999
637,2472,31999,31999
638,445,14999,13999
639,4561,15499,9999
640,9692,17999,17999
641,5605,12799,12799
642,1305,15499,11990
643,4728,12999,11999
644,8711,10999,10999
645,3586,27999,25999
646,5634,11999,11999
647,2826,11990,11990
648,4973,9490,9490
649,6941,17999,17999
650,8498,17999,17999
651,8006,17999,17999
652,7032,19999,19999
653,8222,8999,7499
654,3301,8999,7499
655,5959,8999,7499
656,10582,10999,10999
657,4335,19999,19999
658,5343,18999,18999
659,1695,18999,18999
660,8932,20999,20999
661,8607,19499,19499
662,4269,14999,12999
663,3126,18999,18999
664,7967,11999,9499
665,10539,26999,24999
666,616,24999,24999
667,4641,19999,19999
668,9874,20999,20999
669,5267,19999,19999
670,8649,24999,24999
671,7059,11999,11999
672,7386,36999,36999
673,5247,36999,36999
674,7391,11999,11999
675,5633,12999,10499
676,6895,10999,8499
677,3335,12999,10499
678,209,11999,9499
679,8592,12999,9499
680,681,12999,10499
681,9011,10999,8499
682,9191,10999,9999
683,8635,20999,20999
684,8262,20999,20999
685,4475,17999,17999
686,10770,35999,35999
687,5408,35999,35999
688,4409,31999,31999
689,6006,9999,8999
690,3323,9999,8999
691,376,11990,11990
692,5406,11999,9999
693,2194,24999,24999
694,4654,12990,11490
695,3614,10999,8499
696,9484,15999,13999
697,250,21999,21999
698,9524,20999,20999
699,954,7990,6299
700,743,7990,6299
701,1101,7990,6299
702,748,9999,7299
703,812,9999,7299
704,403,9999,7299
705,468,6499,6499
706,614,8999,8999
707,773,6990,6990
708,1177,21499,21499
709,558,8750,8750
710,1331,8690,8690
711,206,5499,5499
712,953,5666,5666
713,772,6490,6490
714,510,6950,6899
715,458,7250,4150
716,801,4290,4290
717,1338,3990,3990
718,1033,5199,5199
719,754,3490,3490
720,495,3990,3990
721,1020,7238,4190
722,1160,7900,7900
723,377,7900,7900
724,417,4190,4190
725,396,4650,4650
726,992,6990,6990
727,386,7290,7290
728,402,15490,15490
729,644,5290,5290
730,614,5290,5290
731,738,4750,4750
732,354,4450,4450
733,461,4990,4990
734,1235,2799,2799
735,224,16499,16499
736,1296,10499,10499
737,814,7150,7150
738,810,4999,4999
739,539,2999,2999
740,355,6475,6475
741,788,7990,7990
742,832,8479,8479
743,1045,8479,8479
744,1052,11499,11499
745,1172,11499,11499
746,635,6990,6990
747,1285,6450,6450
748,1284,15999,15999
749,1030,4850,4850
750,1036,7999,3990
751,237,5149,5149
752,993,13649,13649
753,391,11999,11999
754,711,9599,9599
755,819,15399,15399
756,1167,6399,6399
757,1136,15999,15999
758,1021,9599,9599
759,1212,15999,15999
760,852,18279,7350
761,261,8990,8990
762,1340,9490,9490
763,1245,9490,9490
764,720,7899,7899
765,1018,3999,3999
766,1275,5990,5990
767,1149,9250,9250
768,309,7900,7900
769,1237,5999,5999
770,215,10499,10499
771,1146,5555,5555
772,576,8999,7675
773,233,7899,7899
774,979,9290,9290
775,1079,5950,5950
776,1174,6598,6598
777,933,7999,7999
778,1071,7997,7997
779,1115,9999,4489
780,1002,8549,8539
781,1103,8389,8389
782,398,3499,3499
783,865,8000,8000
784,1134,6999,6999
785,564,14999,14999
786,1001,7990,6660
787,506,28099,8499
788,1049,8999,4899
789,1283,4599,4599
790,1048,3599,3599
791,348,3599,3599
792,1304,9974,9964
793,695,9199,9199
794,1258,5999,3490
795,983,11999,11999
796,757,10990,10990
797,334,2799,2799
798,935,7999,7999
799,791,9999,9999
800,1107,3999,3999
801,233,11500,11500
802,688,9999,9999
803,1144,3990,3990
804,268,6500,6500
805,1150,4200,4200
806,312,3499,3499
807,1339,15999,15999
808,1150,20924,7999
809,265,8950,8950
810,939,4150,4150
811,413,6600,6600
812,1301,13999,11999
813,1271,11099,9999
814,856,14499,14499
815,264,11499,10399
816,936,7290,7290
817,695,10499,8999
818,1051,11099,9999
819,948,10499,8999
820,1146,9999,9999
821,1083,13999,11999
822,285,13999,11999
823,723,18499,14499
824,876,9999,9999
825,1128,56299,56299
826,269,16799,12999
827,553,16799,12999
828,619,11499,10399
829,883,11499,10399
830,282,9999,7499
831,1145,7299,7299
832,875,10999,10499
833,392,13199,13199
834,331,9999,9999
835,1103,14927,14927
836,1110,6500,6500
837,864,12499,12499
838,1199,4800,4800
839,303,7739,7739
840,469,4672,4672
841,940,18300,18300
842,241,13999,13999
843,1337,7007,7007
844,381,7712,7712
845,1267,9999,9999
846,959,8588,8588
847,428,16300,16300
848,1162,9999,9999
849,480,9999,9999
850,928,8599,8599
851,301,17979,17979
852,903,15299,15299
853,762,40699,40699
854,463,12799,7088
855,1200,10440,10440
856,1167,9599,9599
857,323,17979,17979
858,899,9599,9599
859,1350,12399,12399
860,896,6295,6295
861,921,13199,13199
862,926,19999,12999
863,1346,17000,17000
864,1092,10899,10899
865,1162,5290,5290
866,1206,7399,7399
867,683,29990,29990
868,865,16199,16199
869,789,7999,7999
870,539,9500,9500
871,360,12999,12999
872,1269,12999,12999
873,1202,6990,6990
874,309,13824,7490
875,814,16999,11990
876,1350,28831,28831
877,641,19999,19999
878,1257,20999,20999
879,864,20999,20999
880,612,20999,20999
881,1117,19999,19999
882,254,19999,19999
883,1202,7139,7139
884,1226,15999,7890
885,1236,10999,10999
886,1083,11199,11199
887,256,6741,6741
888,776,6400,6400
889,611,14190,6999
890,305,10199,10199
891,472,35999,22999
892,402,9999,9999
893,567,18599,18599
894,744,8599,8599
895,1311,11989,11989
896,1223,15999,9990
897,759,15999,15999
898,764,19499,19499
899,1313,17999,11490
900,1342,12999,12999
901,1281,15999,9975
902,1235,13790,13790
903,1249,13699,13699
904,1050,12998,12998
905,1059,36999,36999
906,523,39000,39000
907,419,10299,5499
908,1201,7899,7899
909,962,18599,18599
910,1109,6999,6999
911,236,14999,14999
912,797,16990,12499
913,205,36999,36999
914,1311,36999,36999
915,1113,8299,8299
916,1113,18999,12849
917,1082,10999,10999
918,918,31999,21999
919,1032,13990,13990
920,232,15990,9900
921,940,26028,12000
922,1439,39900,32999
923,3209,39900,32999
924,1655,39900,32999
925,3415,47900,42999
926,2084,64900,61999
927,1919,52900,47999
928,3264,64900,61999
929,2514,52900,47999
930,2486,44900,44900
931,3158,44900,44900
932,2698,49900,49900
933,3150,70900,68999
934,2088,44900,44900
935,1829,80900,78999
936,1492,70900,68999
937,1331,65900,63999
938,1358,59900,56999
939,2223,64900,61999
940,1656,80900,78999
941,2146,52900,47999
942,1106,70900,68999
943,1399,64900,61999
944,1474,59900,56999
945,1558,59900,56999
946,2931,52900,47999
947,3354,54900,54900
948,2209,64900,61999
949,2423,59900,56999
950,3301,54900,54900
951,3531,54900,54900
952,2290,59900,56999
953,1408,49900,49900
954,3408,49900,49900
955,1129,70900,68999
956,1272,49900,49900
957,1889,65900,63999
958,2535,70900,68999
959,2113,84900,71999
960,1714,47900,42999
961,3380,52900,47999
962,3181,47900,42999
963,1755,80900,78999
964,2333,65900,63999
965,1980,74900,71999
966,1749,54900,54900
967,3493,59900,56999
968,2708,65900,63999
969,2537,54900,54900
970,1775,64900,61999
971,3432,80900,78999
972,3557,52900,47999
973,1875,119900,119900
974,1943,74900,71999
975,2710,65900,63999
976,2201,74900,71999
977,1313,117100,117100
978,3272,109900,109900
979,2319,139900,139900
980,2920,74900,71999
981,2005,47900,42999
982,2869,117100,117100
983,1514,74900,71999
984,2754,109900,109900
985,1784,109900,109900
986,1905,59900,59900
987,1103,119900,119900
988,1348,139900,139900
989,3172,54900,54900
990,3544,117100,117100
991,3211,140300,140300
992,1077,49900,49900
993,3159,49900,49900
994,2838,134900,134900
995,2229,39900,38999
996,2206,49900,49900
997,1824,84900,84900
998,1627,94900,78999
999,1141,119900,119900
1000,3108,84900,84900
1001,2247,54900,54900
1002,3560,49900,49900
1003,2111,134900,134900
1004,2774,77000,77000
1005,2336,119900,119900
1006,2426,139900,139900
1007,2284,109900,109900
1008,2136,140300,140300
1009,2822,131900,131900
1010,1767,47900,42999
1011,1570,140300,140300
1012,1596,39900,38999
1013,2275,106600,79999
1014,1304,39999,39999
1015,2752,144900,144900
1016,1732,85400,85400
1017,1126,29900,25299
1018,1140,106600,79999
1019,2603,106600,79999
1020,2247,140300,140300
1021,2129,31500,24999
1022,2401,103900,76999
1023,2973,89900,62999
1024,1948,106600,79999
1025,2332,31500,24999
1026,3155,37900,36999
1027,1881,84900,84900
1028,1695,74400,74400
1029,1593,34900,34900
1030,1987,62500,62500
1031,3020,29900,25299
1032,2082,31500,24999
1033,1091,103900,76999
1034,2271,42900,42900
1035,2809,37900,36999
1036,2133,31999,31999
1037,1670,31500,24999
1038,2631,131900,131900
1039,2277,49900,49900
1040,3149,54900,54900
1041,2959,64900,64900
1042,1731,79900,63999
1043,3442,47900,42999
1044,2224,64900,64900
1045,3514,64900,64900
1046,2032,64900,64900
1047,2089,84900,68999
1048,1420,54900,54900
1049,3115,64900,64900
1050,1245,131900,131900
1051,3456,81500,81500
1052,2142,91900,91900
1053,2116,91900,91900
1054,2314,131900,131900
1055,2414,109900,73999
1056,2383,91900,91900
1057,2561,91900,91900
1058,2436,80900,78999
1059,1567,44999,44999
1060,3425,117100,117100
1061,2449,64900,64900
1062,1373,48999,48999
1063,1332,49999,49999
1064,1893,106600,79999
1065,2571,106600,79999
1066,2145,106600,79999
1067,3365,106600,79999
1068,2200,34900,34900
1069,2025,31999,31999
1070,2093,29900,25299
1071,1229,91900,91900
1072,3279,36990,36990
1073,1837,49999,49999
1074,1829,91900,91900
1075,2625,31500,24999
1076,1064,150800,150800
1077,2290,70000,70000
1078,2155,85400,85400
1079,2817,34900,34900
1080,1902,49999,49999
1081,2513,85400,85400
1082,3097,55999,55999
1083,1520,150800,150800
1084,2032,36499,36499
1085,2392,49999,49999
1086,3064,49900,49900
1087,2588,41999,41999
1088,2282,49999,49999
1089,1631,71500,71500
1090,2941,150800,150800
1091,2366,59999,59999
1092,2870,59999,59999
1093,3385,49999,49999
1094,2828,144900,144900
1095,2776,91900,91900
1096,1830,42900,42900
1097,3407,134900,134900
1098,1619,30780,30780
1099,3318,30780,30780
1100,1434,71500,71500
1101,2533,59999,59999
1102,2138,34900,34900
1103,2479,85400,85400
1104,1152,52000,52000
1105,1036,37900,36999
1106,3103,62000,62000
1107,2579,39900,38999
1108,1966,85400,85400
1109,1385,109900,73999
1110,1410,109900,73999
1111,2158,34900,34900
1112,1423,48999,48999
1113,1806,103900,76999
1114,1689,48999,48999
1115,3508,89900,62999
1116,2417,42900,42900
1117,2451,42900,42900
1118,1500,85400,85400
1119,1858,34900,34900
1120,1017,55999,55999
1121,2055,34900,34900
1122,3168,42900,42900
1123,1095,34900,34900
1124,2125,89900,62999
1125,2816,124900,78999
1126,2431,34900,34900
1127,3401,42900,42900
1128,1740,59999,59999
1129,3377,124900,78999
1130,2214,144900,144900
1131,2420,74400,74400
1132,1554,40999,40999
1133,3384,74400,74400
1134,2111,124900,78999
1135,1182,74400,74400
1136,2212,106900,106900
1137,1484,74400,74400
1138,2650,72000,72000
1139,3431,70000,70000
1140,1977,80500,80500
1141,1556,71500,71500
1142,2886,62000,62000
1143,2559,106900,106900
1144,3218,49999,49999
1145,2938,55999,55999
1146,3310,72000,72000
1147,1419,37900,36999
1148,1629,41999,41999
1149,2265,91900,91900
1150,5777,16999,14999
1151,15807,14999,12999
1152,9234,16999,14999
1153,13055,14999,12999
1154,15451,12999,11499
1155,957,12999,11499
1156,3098,20949,20949
1157,3870,10389,9539
1158,10806,12999,11499
1159,4238,8499,8299
1160,5480,15999,15999
1161,15826,20499,18499
1162,7572,13999,12499
1163,12415,20969,19818
1164,9933,11510,11510
1165,11508,17999,17845
1166,11795,9639,9639
1167,1925,11989,11989
1168,14159,9998,8850
1169,9375,13999,12499
1170,3792,13899,13224
1171,9094,13999,12499
1172,14786,23696,23596
1173,11543,16900,14839
1174,8306,20999,19330
1175,2751,15999,15999
1176,8419,8229,8229
1177,8493,14999,14999
1178,15158,8897,8897
1179,9829,16299,16299
1180,6393,18999,17499
1181,8643,23999,21999
1182,5570,99999,88999
1183,16036,9990,9990
1184,8729,14499,12499
1185,1752,10499,9499
1186,4508,41999,34999
1187,10839,19725,19725
1188,2127,18950,18654
1189,2192,14690,14690
1190,15909,29999,22499
1191,2615,14999,14999
1192,11388,95999,84999
1193,13141,15980,14749
1194,7915,14999,14490
1195,11751,95999,84999
1196,15762,22498,19979
1197,846,29999,23999
1198,8275,17480,15843
1199,4137,40999,37499
1200,2569,11300,11299
1201,15939,40999,37499
1202,1055,29999,23999
1203,10101,8289,8289
1204,7118,18999,17499
1205,11789,18999,17499
1206,4014,49999,49999
1207,6227,19999,15999
1208,12856,29999,23999
1209,4124,30499,27499
1210,3659,11749,11744
1211,1201,20499,18499
1212,5789,21700,21700
1213,5885,19900,19178
1214,2528,13499,11499
1215,1234,11499,10499
1216,15790,15380,15199
1217,9965,14499,12499
1218,15486,92000,92000
1219,14567,17999,14999
1220,9228,17500,16999
1221,11934,11699,11699
1222,14522,7399,7399
1223,14728,40999,37499
1224,3367,24990,24990
1225,15947,19990,19990
1226,12811,17999,14999
1227,4600,86000,77999
1228,3361,31999,28999
1229,8143,39990,39990
1230,5202,11745,11745
1231,9431,34999,27499
1232,2137,12490,11290
1233,13572,33100,30500
1234,1942,5999,5999
1235,3529,12900,11730
1236,13890,179999,157999
1237,1499,17989,17989
1238,15785,21995,20696
1239,7258,22450,22450
1240,12760,10398,10398
1241,9409,15499,15399
1242,6873,11745,11745
1243,7086,5999,5999
1244,5861,24900,14999
1245,5682,70000,70000
1246,1829,10499,9499
1247,1218,14999,13999
1248,13761,17888,17888
1249,11849,25600,25600
1250,7955,8490,8490
1251,16097,15499,13984
1252,11989,38999,35999
1253,9104,10499,9499
1254,10057,30900,30900
1255,7959,79997,54599
1256,10151,14499,12499
1257,8297,24900,14999
1258,14026,19999,19999
1259,12904,18999,18999
1260,16181,17999,17999
1261,12161,27810,27810
1262,10897,12800,12499
1263,12994,15663,14859
1264,13197,13499,11499
1265,8659,4999,4999
1266,10655,171999,149999
1267,15749,25999,25999
1268,4143,8490,8490
1269,6180,13499,11499
1270,4437,116000,91999
1271,8076,10999,10999
1272,8395,14900,14900
1273,3924,16879,16879
1274,10037,86000,77999
1275,14665,65999,49999
1276,10588,18199,18199
1277,7888,65999,49999
1278,8157,25379,17990
1279,4989,6500,6500
1280,9364,12990,12990
1281,15863,14990,14990
1282,15708,33100,30500
1283,11638,12900,12900
1284,6089,11000,11000
1285,9779,14990,14990
1286,6176,8892,8892
1287,7086,15990,15990
1288,3347,7500,7500
1289,8606,14995,14995
1290,5809,14455,13995
1291,16159,12000,12000
1292,8577,29998,29998
1293,5679,17962,17962
1294,9862,7999,7999
1295,7798,12900,11490
1296,3289,6500,6500
1297,14837,30990,30990
1298,11570,14000,14000
1299,13106,13600,13600
1300,13883,189999,149999
1301,9566,4999,4999
1302,10313,15585,15299
1303,15633,103000,103000
1304,14592,12900,12900
1305,13875,116000,91999
1306,3590,59999,59999
1307,11444,8700,8700
1308,11911,6200,6200
1309,4211,19999,19999
1310,4764,6799,6799
1311,11662,24000,24000
1312,10865,21990,21990
1313,2893,6000,6000
1314,12101,10995,10995
1315,14139,16740,15999
1316,7516,8700,8700
1317,8003,91900,91900
1318,4348,10990,10990
1319,3574,16990,16990
1320,3994,18000,18000
1321,923,13023,13023
1322,13800,27999,27999
1323,9672,23748,23748
1324,7884,6799,6799
1325,4195,8700,7990
1326,14553,9500,9500
1327,4121,14500,14500
1328,8129,17889,17889
1329,2304,8780,8780
1330,5675,44900,44900
1331,6305,8188,8083
1332,6295,7900,7900
1333,8077,9840,9840
1334,8392,128999,105999
1335,7462,10990,10990
1336,15520,12990,12990
1337,12449,9500,9500
1338,1512,8990,8990
1339,14252,17500,17500
1340,697,11995,11995
1341,9089,15014,13800
1342,1018,37299,37299
1343,14513,18990,18990
1344,8086,25900,25900
1345,13810,21990,21990
1346,1392,13600,13600
1347,5674,13500,13500
1348,1933,9499,9499
1349,1318,17108,9490
1350,3416,29990,29990
1351,1597,13500,13500
1352,3617,19500,19500
1353,15377,14500,14500
1354,5098,19500,19500
1355,13921,22999,22999
1356,698,23999,16999
1357,14367,11499,10499
1358,7443,31999,25999
1359,4011,20999,14499
1360,8047,33450,28490
1361,10781,20999,14499
1362,13244,19999,15999
1363,12083,10490,9999
1364,6078,31999,28999
1365,1480,41999,34999
1366,6614,20999,14499
1367,14264,18200,16980
1368,13738,41999,34999
1369,2711,14990,14990
1370,1675,12900,11599
1371,2343,38999,35999
1372,4547,43999,37999
1373,6332,14300,14300
1374,9478,14999,14999
1375,7935,25999,20999
1376,2476,21999,21999
1377,6955,11499,11499
1378,8310,14990,14990
1379,15625,8999,8999
1380,3971,14999,14999
1381,11497,100999,71999
1382,6633,12900,11599
1383,16102,31999,25999
1384,898,25999,20999
1385,6837,189999,149999
1386,10583,19990,19990
1387,9462,87999,73999
1388,11188,14999,14999
1389,10628,45000,39999
1390,8832,21450,21450
1391,4866,24600,24600
1392,3106,19990,19990
1393,8142,25900,24499
1394,7745,6999,6999
1395,1221,6999,6999
1396,12044,83000,54999
1397,11964,5900,5900
1398,3750,8190,8190
1399,1848,16800,16750
1400,10154,6999,6999
1401,9797,11499,10499
1402,13963,9000,9000
1403,8232,10000,10000
1404,942,31999,25999
1405,862,29999,22499
1406,6433,5990,5990
1407,770,11000,11000
1408,609,49999,49999
1409,2171,16999,16999
1410,14484,83999,69999
1411,6047,25999,20999
1412,3197,62500,62500
1413,1204,17490,17490
1414,3955,13760,13760
1415,12062,4790,4790
1416,5301,5900,5900
1417,8516,9290,8690
1418,7926,34999,27499
1419,9697,10990,10990
1420,8439,18000,18000
1421,9983,10000,9100
1422,6875,39000,39000
1423,4249,30900,30900
1424,743,11999,11999
1425,7935,14900,13695
1426,10647,18000,18000
1427,1515,7990,7990
1428,15933,17600,17600
1429,15891,11390,11390
1430,2714,29999,22499
1431,3770,46900,46900
1432,10532,7400,7400
1433,13515,24900,14999
1434,2270,73990,53999
1435,9936,73600,73600
1436,10902,71000,39999
1437,13180,20400,20400
1438,7487,26900,21099
1439,15887,18699,18699
1440,7016,12900,12900
1441,7771,26900,26900
1442,11568,14990,14990
1443,8886,9290,8650
1444,14003,100999,71999
1445,8393,104999,75999
1446,10235,6990,6990
1447,2899,73600,73600
1448,10148,17990,17990
1449,2352,24999,21999
1450,8095,26900,21099
1451,1292,87999,73999
1452,5936,34999,27499
1453,14497,8200,8200
1454,4589,21540,17000
1455,6223,13800,13800
1456,8963,31000,17999
1457,9078,95000,95000
1458,8227,31999,28999
1459,7227,51000,45999
1460,12363,18900,15899
1461,5959,49990,49990
1462,12633,56999,56999
1463,7229,20700,20700
1464,4711,6200,6200
1465,2020,43999,37999
1466,2780,29899,29899
1467,11066,74000,74000
1468,3926,36000,36000
1469,1312,61900,61900
1470,4155,42000,42000
1471,4051,22389,22389
1472,5323,70000,70000
1473,8240,25999,20999
1474,3368,43000,37999
1475,518,7999,7999
1476,6826,33100,30500
1477,14587,20700,20700
1478,5629,83999,69999
1479,2455,68900,68900
1480,13225,30499,27499
1481,9882,16200,16200
1482,15570,61900,61900
1483,8555,70000,70000
1484,1469,49999,49999
1485,7892,22900,22900
1486,5215,6990,6990
1487,11855,9000,9000
1488,3012,59900,59900
1489,14499,11200,11200
1490,4926,16999,16999
1491,5418,68900,68900
1492,15274,19990,19990
1493,2660,46300,46300
1494,9599,10000,10000
1495,13038,8090,8090
1496,12482,22900,22900
1497,8283,15999,15999
1498,12655,50650,50650
1499,5175,104999,75999
1500,4195,8090,8090
1501,13985,46300,46300
1502,6461,8190,8190
1503,9054,53900,53900
1504,489,31000,17999
1505,6463,11200,11200
1506,11142,24600,24600
1507,14570,31000,17999
1508,4465,45000,39999
1509,2429,19900,19900
1510,1962,33500,33500
1511,9177,59900,59900
1512,10273,5900,5900
1513,10552,14490,14490
1514,9363,70000,70000
1515,4327,53900,53900
1516,6624,21999,21999
1517,1064,21999,21999
1518,12399,7550,7550
1519,5016,39900,39900
1520,1766,70000,70000
1521,15126,21999,21999
1522,13736,68900,68900
1523,1500,14490,14490
1524,12542,7550,7550
1525,12671,21000,21000
1526,12848,10800,10800
1527,4650,17600,17600
1528,5751,68900,68900
1529,9699,7200,7200
1530,10170,43999,40999
1531,14211,62500,62500
1532,2954,25990,25990
1533,4742,73600,73600
1534,1979,11700,11700
1535,6350,21999,21999
1536,13378,25990,25990
1537,10554,14700,14700
1538,8643,62500,62500
1539,12849,10490,10490
1540,2778,75000,73600
1541,4245,19900,19900
1542,15041,13500,13500
1543,11823,36900,36900
1544,14755,85000,59999
1545,612,11700,11700
1546,1952,9499,5990
1547,13051,40690,40690
1548,4601,11700,11700
1549,7552,75000,73600
1550,1195,59000,59000
1551,6446,13900,13900
1552,11098,13490,13490
1553,2532,22900,22900
1554,2277,41900,41900
1555,9553,7400,7400
1556,6958,93000,93000
1557,6835,85000,59999
1558,10368,19990,19990
1559,4220,41900,41900
1560,10029,15999,15499
1561,14966,37990,16989
1562,3993,104999,75999
1563,2776,87999,73999
1564,756,59000,59000
1565,13963,85000,59999
1566,5287,139999,116999
1567,12812,45000,39999
1568,1212,18439,16998
1569,13173,43999,40999
1570,1283,17000,17000
1571,10152,11000,11000
1572,5371,26600,26600
1573,14612,41900,41900
1574,5734,15500,14090
1575,6062,26600,26600
1576,4629,16590,13990
1577,10704,6990,6990
1578,1667,15499,15499
1579,9592,12250,11990
1580,11453,11000,10399
1581,1022,43999,37999
1582,1773,65999,49999
1583,4073,27330,27330
1584,6749,22000,12499
1585,7834,18900,18900
1586,14875,95000,95000
1587,16068,75000,73600
1588,1505,52905,52905
1589,8494,65999,49999
1590,8496,41999,34999
1591,9333,10990,10990
1592,1029,10990,10990
1593,5155,10990,10990
1594,9755,17194,17194
1595,5317,21000,21000
1596,12758,65999,49999
1597,15298,15499,15499
1598,7787,9999,9999
1599,14848,100999,71999
1600,14608,8700,8700
1601,2571,71000,39999
1602,9879,71000,39999
1603,10455,5590,5590
1604,8472,15300,15300
1605,11501,29899,29899
1606,8437,9833,9833
1607,4406,11290,10990
1608,8587,15990,15990
1609,12068,16490,13589
1610,5069,83999,69999
1611,2322,12900,11599
1612,496,17259,17259
1613,6057,17999,15499
1614,13991,11000,10399
1615,3904,19999,19999
1616,11481,7550,7550
1617,8900,43000,37999
1618,5115,22300,22300
1619,4954,43999,37999
1620,835,14900,13695
1621,485,30495,30495
1622,10072,128999,105999
1623,3107,11290,10848
1624,5726,5490,5490
1625,12083,7990,6480
1626,13226,8170,8170
1627,12291,17990,17990
1628,8330,26900,21099
1629,5383,24000,24000
1630,4493,16999,16999
1631,2027,83000,54999
1632,15781,49990,49990
1633,12796,22990,12499
1634,13041,9700,5490
1635,13614,5999,5999
1636,3417,24999,21999
1637,2027,18900,18900
1638,3244,6990,6990
1639,10229,10000,8990
1640,8451,30000,30000
1641,8921,55900,55900
1642,12572,7992,7992
1643,4033,79000,79000
1644,6908,65900,65900
1645,11313,48669,48669
1646,12254,15500,14069
1647,6452,14490,14490
1648,8269,19900,19900
1649,8083,5999,5999
1650,3021,7999,7999
1651,3089,34999,27499
1652,4406,43999,40999
1653,10807,27990,27990
1654,8002,74000,35990
1655,2754,18990,18990
1656,2431,6999,6999
1657,4835,29999,29999
1658,8882,45500,23500
1659,9119,52000,22222
1660,4371,13500,13499
1661,4539,17990,17990
1662,3058,20400,20400
1663,13703,8200,8200
1664,1573,7999,7999
1665,11486,25900,25900
1666,12455,4790,4790
1667,4484,51000,51000
1668,4907,15990,15890
1669,10840,49980,49980
1670,2168,8090,8090
1671,10368,34000,16860
1672,8373,19980,19980
1673,7590,30499,27499
1674,1479,33900,33900
1675,9797,10899,10899
1676,4149,31999,28999
1677,11085,19590,15900
1678,5993,8200,8200
1679,4884,8999,8999
1680,5176,15990,15990
1681,592,8490,8490
1682,11987,6999,6999
1683,8764,9490,6549
1684,10554,8999,8999
1685,5750,19990,19990
1686,1474,70999,70490
1687,12854,19990,19990
1688,10632,26000,26000
1689,15581,9999,9999
1690,1683,21000,21000
1691,3883,39899,39899
1692,2075,22300,22300
1693,13436,49990,49990
1694,7960,15490,15490
1695,7397,18340,18340
1696,14136,8999,4999
1697,3226,17990,17990
1698,8948,5999,5999
1699,1410,74000,34899
1700,523,9890,9890
1701,4422,10990,10990
1702,15343,41900,41900
1703,15404,16000,16000
1704,10204,39999,39999
1705,15379,13499,13499
1706,1694,12999,12999
1707,11957,19999,19999
1708,9801,11250,11250
1709,1442,24999,24999
1710,5470,4999,4999
1711,5001,8250,8250
1712,10021,33900,33900
1713,8010,36900,36900
1714,11178,34999,34999
1715,9224,61988,28000
1716,1950,36900,36900
1717,645,7999,7999
1718,1242,10999,10999
1719,347,7999,7999
1720,780,13604,13604
1721,291,10999,10999
1722,458,9900,9900
1723,357,8490,7490
1724,722,8490,6950
1725,386,7999,7999
1726,1076,6999,6999
1727,1336,4990,4990
1728,1153,9799,9799
1729,623,6499,6499
1730,923,7490,7490
1731,723,9999,9999
1732,453,7000,7000
1733,955,6999,6999
1734,1235,6999,6999
1735,909,8499,8499
1736,531,12999,12999
1737,396,19999,19999
1738,742,9999,8490
1739,324,9999,7990
1740,760,10999,10999
1741,460,12499,12499
1742,631,5490,5490
1743,344,4890,4890
1744,421,7819,7819
1745,279,13499,13499
1746,1190,18499,18499
1747,689,5499,5499
1748,1216,9999,9999
1749,374,6266,6266
1750,402,7700,7700
1751,982,8999,8999
1752,1239,16999,16999
1753,717,5499,5499
1754,1187,5999,5999
1755,790,8499,8499
1756,1121,8499,8499
1757,981,7999,7999
1758,905,8499,8499
1759,612,7999,7999
1760,1141,15999,15999
1761,653,9150,9150
1762,206,8999,8999
1763,490,10999,10999
1764,1023,17499,17499
1765,1236,5499,5499
1766,1180,10999,10999
1767,1203,7499,7499
1768,989,7490,7490
1769,700,14890,7490
1770,896,6250,6250
1771,635,19999,19999
1772,1243,9999,9999
1773,764,13999,13999
1774,956,12899,12899
1775,1305,15999,15999
1776,783,7999,7999
1777,1102,14999,14999
1778,1090,29999,29999
1779,705,6999,6999
1780,814,7999,7999
1781,946,11999,11999
1782,576,9999,9999
1783,239,15410,15410
1784,1109,15999,15999
1785,1028,13999,13999
1786,333,11999,11999
1787,211,12499,12499
1788,1135,17999,17999
1789,355,17999,17999
1790,1264,7499,7499
1791,486,18999,18999
1792,341,11999,11999
1793,1315,9999,9999
1794,788,16999,16999
1795,988,16999,16999
1796,340,9999,9999
1797,1332,7650,7650
1798,691,3549,3549
1799,1005,17999,17999
1800,1246,11499,7490
1801,406,6990,6990
1802,1008,8250,8250
1803,258,7499,7499
1804,416,7499,7499
1805,913,7499,7499
1806,1084,6499,6499
1807,1028,19999,19999
1808,608,11999,11999
1809,498,7599,7599
1810,526,8999,8999
1811,418,9229,9229
1812,601,6799,6799
1813,1235,6999,6999
1814,1107,6980,6980
1815,863,13999,13999
1816,576,7999,7999
1817,784,6750,6750
1818,372,7499,4499
1819,414,6989,6989
1820,488,3549,3549
1821,682,18999,18999
1822,380,12999,12999
1823,419,9991,6200
1824,1096,7999,7999
1825,474,9795,9795
1826,1005,7990,7990
1827,1095,9999,9999
1828,950,13499,7499
1829,912,11999,8799
1830,330,12999,10499
1831,692,21999,17999
1832,335,19999,16499
1833,579,11999,8799
1834,956,16999,14499
1835,851,21999,17999
1836,728,19999,16499
1837,530,16999,14499
1838,1267,12999,10499
1839,614,8999,8999
1840,1293,34999,29999
1841,1042,9999,9999
1842,178,24999,21499
1843,429,21999,21999
1844,985,24999,21499
1845,243,149999,89999
1846,494,12000,12000
1847,1258,149999,74999
1848,1209,17499,17499
1849,580,34999,29999
1850,1345,6900,6900
1851,300,20000,20000
1852,715,12999,12999
1853,470,22999,14999
1854,161,14999,10999
1855,810,24999,20999
1856,709,15999,11999
1857,174,9999,6999
1858,845,8999,8999
1859,966,14999,10999
1860,961,19999,17499
1861,1067,10999,10999
1862,932,14999,10999
1863,251,12999,8999
1864,159,19999,17499
1865,311,24999,20999
1866,270,16999,10999
1867,1286,5999,5999
1868,544,9999,9999
1869,927,9999,7999
1870,1335,5499,5499
1871,1277,11999,11999
1872,1305,11999,11999
1873,724,14999,10999
1874,528,89999,64999
1875,594,149999,74999
1876,1286,11999,11999
1877,1247,11999,9499
1878,1268,7350,7350
1879,1136,14500,14500
1880,1098,18999,9999
1881,1337,18999,9999
1882,629,24999,24999
1883,1102,9999,7999
1884,444,11999,9999
1885,870,9869,9869
1886,595,14999,14999
1887,731,27999,27999
1888,703,27999,27999
1889,142,18999,18999
1890,801,14999,14999
1891,950,23999,23999
1892,936,15999,12999
1893,1310,9999,9999
1894,1210,22999,14999
1895,1211,12999,12999
1896,392,11829,11829
1897,370,5999,5999
1898,908,15999,15999
1899,295,6999,6999
1900,1289,9999,6999
1901,107,24999,24999
1902,912,24999,24999
1903,797,15999,12999
1904,649,9999,9999
1905,1242,12999,8999
1906,434,9999,7999
1907,1028,15999,11999
1908,547,6999,6999
1909,1344,6999,6999
1910,678,5450,5450
1911,897,10999,10999
1912,266,24999,24999
1913,863,23999,23999
1914,1021,24999,24999
1915,1099,44999,14999
1916,1180,13999,13999
1917,1338,14999,8390
1918,704,12999,12999
1919,366,23999,23999
1920,1194,6399,6399
1921,423,14999,14999
1922,372,14999,14999
1923,534,14999,14999
1924,272,6999,6999
1925,1110,9999,9999
1926,868,16999,10999
1927,922,13499,6999
1928,1170,10910,10910
1929,7049,25999,20999
1930,4209,25999,20999
1931,4749,23999,18999
1932,3870,23999,18999
1933,4279,17999,16499
1934,8958,17999,16499
1935,8224,12999,11999
1936,5138,12999,11999
1937,5258,12999,11999
1938,7343,11999,9999
1939,8265,11999,9999
1940,7316,11999,10999
1941,8007,11999,10999
1942,4000,11999,10999
1943,676,10999,8999
1944,2821,10999,8999
1945,8852,10999,8999
1946,6253,9999,7999
1947,4155,9999,7999
1948,1806,9999,7999
1949,2295,13400,13400
1950,6279,54990,49990
1951,1607,54990,49990
1952,5831,46990,39990
1953,3756,44990,37990
1954,11860,36990,36990
1955,3591,39990,34990
1956,1941,32990,32990
1957,1905,32990,32990
1958,4365,35990,32990
1959,3662,34990,29990
1960,9215,32990,29990
1961,4127,28990,28990
1962,12469,34990,28499
1963,9723,27990,27990
1964,11768,23990,23990
1965,1740,23990,23990
1966,7799,27990,22990
1967,8241,22654,22654
1968,2169,21990,21990
1969,5044,32990,21099
1970,7762,20600,20600
1971,9334,24990,19990
1972,11117,24990,19990
1973,4199,22990,19490
1974,1387,22990,19490
1975,6790,18990,18990
1976,6068,20990,18990
1977,6946,17999,17999
1978,3059,20990,16990
1979,11306,16989,16989
1980,5408,16490,16490
1981,5992,15990,15990
1982,7853,15990,15990
1983,11284,15900,15900
1984,11550,19490,15490
1985,8682,19490,15490
1986,9200,14990,14990
1987,6979,14990,14990
1988,7306,14990,14990
1989,10702,14990,14990
1990,12335,14990,14990
1991,6016,14500,14500
1992,333,13995,13995
1993,11246,13990,13990
1994,10710,18990,13990
1995,3353,16990,13990
1996,7966,13990,13890
1997,13032,13990,13890
1998,8439,12900,12900
1999,7212,15490,11990
2000,2393,10990,10990
2001,5213,8205,8205
2002,8918,59999,54999
2003,8925,45871,45871
2004,3546,24988,24890
2005,15519,24198,22650
2006,9242,24198,22950
2007,1110,26989,26989
2008,20043,39999,32999
2009,3826,42999,34999
2010,5077,39999,32999
2011,23145,25999,23999
2012,3274,24999,21999
2013,2231,24999,21999
2014,20350,25999,23999
2015,7508,25999,23999
2016,13196,24999,21999
2017,14729,26824,26824
2018,17471,25990,24744
2019,21283,26828,26828
2020,23217,28700,24283
2021,10071,25989,24338
2022,6454,31983,27950
2023,9670,26758,26758
2024,24562,27395,26295
2025,8455,27995,24492
2026,15765,28990,26495
2027,21768,37490,36290
2028,24647,39999,39999
2029,22990,39990,38950
2030,6149,38999,38999
2031,20576,14949,14949
2032,6446,12899,11990
2033,10198,14398,14398
2034,20048,12499,12499
2035,21410,14443,14443
2036,7159,11948,11948
2037,17204,14990,12990
2038,10723,14990,12990
2039,1392,13990,13990
2040,13444,7999,7999
2041,2431,9900,9900
2042,16842,9399,9399
2043,5951,10990,10990
2044,18343,8990,8990
2045,19668,10450,10450
2046,6520,12999,12349
2047,7216,11999,11999
2048,11284,9990,9990
2049,14466,12990,11999
2050,18032,7989,7989
2051,19625,7499,7499
2052,6724,7699,7699
2053,4446,9490,9490
2054,11993,9490,9490
2055,21831,6499,6499
2056,15495,6999,6999
2057,4770,10999,10999
2058,17898,10999,10999
2059,24095,10999,10999
2060,13814,7999,7999
2061,10084,7999,7999
2062,21941,8499,8299
2063,15668,9290,9199
2064,17466,9499,9499
2065,10395,8999,8299
2066,20142,8561,8561
2067,4913,10129,10070
2068,13341,11990,11199
2069,20786,10121,10121
2070,21465,10760,9828
2071,13492,16999,13499
2072,9968,13999,11499
2073,3615,13999,11499
2074,2672,16999,13499
2075,16265,13999,11499
2076,4384,11999,10499
2077,21600,11999,10499
2078,23001,11999,10499
2079,2719,13999,13999
2080,8578,7589,7589
2081,15428,8389,8389
2082,1055,7698,7698
2083,11123,8498,8498
2084,7555,8525,8498
2085,14318,7619,7619
2086,20140,9999,8799
2087,13833,9999,8799
2088,16413,18429,18429
2089,3761,22999,22999
2090,6839,21349,21349
2091,4555,21999,20899
2092,15620,28999,28999
2093,1176,29999,29999
2094,1235,28999,28999
2095,4108,19799,19799
2096,2979,19618,18887
2097,23035,17765,17765
2098,16749,18950,17995
2099,7435,9499,9499
2100,19987,9999,9999
2101,3310,8590,8590
2102,14048,9990,9990
2103,2359,11499,10999
2104,12299,11499,11499
2105,16344,9998,9998
2106,13288,14999,14999
2107,4826,16999,16999
2108,16455,14999,14999
2109,7447,14999,14999
2110,9861,12349,12349
2111,8063,12999,12999
2112,19676,14990,14990
2113,15512,17999,17999
2114,6072,12499,12499
2115,20195,15990,12449
2116,15137,14999,14999
2117,19327,12690,11748
2118,3681,11900,11900
2119,2017,14399,13399
2120,16345,11946,11946
2121,2608,14899,14450
2122,6049,15990,15449
2123,2460,14990,14980
2124,20035,14999,14999
2125,13876,16399,16399
2126,19714,16999,16999
2127,4217,17999,17999
2128,10687,14500,13499
2129,3691,15999,15999
2130,12293,13999,13999
2131,2778,13900,13900
2132,21405,13900,13900
2133,19056,13500,13500
2134,7958,12999,12999
2135,1534,12999,12999
2136,2605,11999,11999
2137,17423,14999,11999
2138,2916,14999,11999
2139,17891,16999,15990
2140,17175,15998,15998
2141,12391,18999,18499
2142,23757,14999,14999
2143,5769,16999,16488
2144,12310,8990,8990
2145,10035,9478,9478
2146,7100,10999,10999
2147,14440,9499,9499
2148,15187,10999,10999
2149,23284,9499,9499
2150,24313,10888,10888
2151,20808,10499,9468
2152,17155,10999,10999
2153,16073,9999,9999
2154,14585,13999,12999
2155,10301,9450,9450
2156,10224,12999,12999
2157,7722,9950,9950
2158,3974,13999,12499
2159,723,53990,53990
2160,477,62990,62990
2161,516,62990,62990
2162,441,53990,53990
2163,944,53990,53990
2164,657,53990,53990
2165,858,12570,12570
2166,279,47990,47990
2167,217,56690,56690
2168,447,15400,15400
2169,773,11810,11810
2170,347,13200,13200
2171,1160,15490,15490
2172,645,16990,16990
2173,432,26999,26999
2174,630,18249,18249
2175,1135,19695,19695
2176,791,9590,9590
2177,421,9590,9590
2178,373,38800,38800
2179,874,38800,38800
2180,354,53900,53900
2181,919,8999,8999
2182,1162,27990,27990
2183,492,8999,8999
2184,1202,12400,12400
2185,261,25500,25500
2186,1114,25500,25500
2187,935,25999,25999
2188,1002,9900,9900
2189,1071,6999,6999
2190,1048,21990,21990
2191,579,21990,21990
2192,1087,7999,7999
2193,940,23999,23999
2194,878,25999,25999
2195,1032,21999,21999
2196,1247,17200,17200
2197,613,17200,17200
2198,593,15200,15200
2199,1325,15200,15200
2200,1238,59900,59900
2201,825,27390,27390
2202,606,27390,27390
2203,838,59900,59900
2204,604,59900,59900
2205,255,35490,35490
2206,1269,59590,59590
2207,299,46988,46988
2208,766,10490,10490
2209,8864,10490,10490
2210,6757,10490,10490
2211,6892,15490,15490
2212,5764,18990,15490
2213,2892,20990,17490
2214,2276,20990,17490
2215,6501,15490,15490
2216,8893,34999,28999
2217,4548,32999,28999
2218,3126,36999,30999
2219,6827,34999,28999
2220,6883,17999,16499
2221,3392,24999,24999
2222,5159,28999,28999
2223,3285,30999,30999
2224,594,21999,21999
2225,6565,32999,28999
2226,8613,17999,14999
2227,4408,16999,13999
2228,5051,16999,14999
2229,7119,19999,15999
2230,6488,17999,13999
2231,1305,19999,14999
2232,7203,16999,13999
2233,1404,19999,15999
2234,2570,14999,11499
2235,7430,14999,11499
2236,4888,14999,11499
2237,8202,12999,10499
2238,1420,18999,14999
2239,7770,19999,15999
2240,5414,19999,15999
2241,2432,22999,21499
2242,7569,18999,14999
2243,4952,19999,19999
2244,8701,19999,15999
2245,6364,22999,21499
2246,4261,30999,30999
2247,5870,24999,24999
2248,7538,21999,21999
2249,6570,30999,30999
2250,9953,17999,15999
2251,9569,17999,15999
2252,3489,15999,13999
2253,2061,15999,13999
2254,2325,29999,25999
2255,8659,29999,27999
2256,5112,12999,10999
2257,3425,12999,10999
2258,2706,38999,35999
2259,5636,38999,35999
2260,7212,34999,31999
2261,2254,34999,31999
2262,10205,29999,27999
2263,5691,29999,29999
2264,5776,29999,26999
2265,4281,32999,29999
2266,7057,32999,29999
2267,4358,29999,26999
2268,5536,29999,26999
2269,7521,32999,29999
2270,5361,40999,37499
2271,2339,171999,149999
2272,5309,171999,149999
2273,15411,95999,88999
2274,1385,23999,20999
2275,13879,25999,22999
2276,16011,25999,22999
2277,3572,23999,20999
2278,2728,14449,14449
2279,10521,22990,18990
2280,9726,22990,22990
2281,8488,19990,16490
2282,3705,19990,16490
2283,4237,37990,34990
2284,9116,34990,29990
2285,3000,34990,29990
2286,8815,37990,34990
2287,6584,41990,38990
2288,6501,45990,43990
2289,7794,45990,43990
2290,6209,32990,32990
2291,9636,19490,15490
2292,7769,15490,15490
2293,12661,84990,79990
2294,809,54990,49990
2295,12487,57990,52990
2296,7512,51990,46990
2297,10904,54990,54990
2298,8946,48780,48780
2299,490,54990,54990
2300,6136,44990,44990
2301,10533,10990,10990
2302,3618,11990,11990
2303,8159,13990,13990
2304,2336,20990,20990
2305,8978,19990,19990
2306,9052,19990,19990
2307,3305,19990,19990
2308,4482,19990,19990
2309,7162,15990,15990
2310,1673,17990,17990
2311,6548,15990,15990
2312,11370,39990,39990
2313,7860,22990,22990
2314,9008,7990,7990
2315,6303,11990,11990
2316,6267,15990,15990
2317,12427,17000,17000
2318,6697,18990,18990
2319,11484,15990,15990
2320,10512,23990,23400
2321,8297,36900,35399
2322,2708,19990,19899
2323,7197,20990,20990
2324,5567,22221,22099
2325,5441,11999,11999
2326,10522,20000,20000
2327,9474,14500,14500
2328,6378,25990,25990
2329,12560,15900,15900
2330,6255,8990,8990
2331,11112,8990,8990
2332,3742,18990,18990
2333,10353,17990,17990
2334,8692,15990,15990
2335,9684,13990,13990
2336,4833,42999,42999
2337,3618,29999,24999
2338,15432,33999,28999
2339,23818,29999,24999
2340,21855,31999,26999
2341,5175,31999,26999
2342,13972,33999,28999
2343,22003,29999,24999
2344,12444,33999,28999
2345,14401,31999,26999
2346,19012,18999,18979
2347,5454,22999,21736
2348,3534,19119,19119
2349,1134,19100,19100
2350,3607,18990,18778
2351,17452,18990,18187
2352,24345,22189,22189
2353,22548,22163,22163
2354,13255,15998,15998
2355,8237,14990,14990
2356,21141,8999,8599
2357,24067,27999,27999
2358,6864,23990,23990
2359,16891,25990,25990
2360,22727,25684,25684
2361,14136,24798,24798
2362,4569,28999,28999
2363,15662,7798,7798
2364,1862,7798,7798
2365,3011,23999,23999
2366,5679,25999,25999
2367,4669,25999,25999
2368,1318,9999,8299
2369,326,9999,8299
2370,758,9999,8299
2371,345,13999,10999
2372,711,13999,10999
2373,1075,11999,9999
2374,465,11999,9999
2375,1191,13999,10999
2376,703,13999,10999
2377,521,8999,7499
2378,1305,8999,7499
2379,1201,8999,7499
2380,695,8999,7499
2381,397,16999,14499
2382,717,7999,7199
2383,232,7999,7199
2384,1109,7999,7199
2385,750,7990,7990
2386,616,14999,11999
2387,890,14999,11999
2388,618,14999,11999
2389,250,12999,9999
2390,875,14999,12499
2391,1254,16999,14499
2392,602,16999,13999
2393,539,16999,13999
2394,530,16999,14999
2395,853,19999,16999
2396,1010,18999,15999
2397,299,14999,12499
2398,982,16999,13999
2399,1045,14999,12499
2400,290,18999,15999
2401,997,19999,16999
2402,1103,18999,15999
2403,890,8999,8999
2404,384,10999,10999
2405,1290,6999,6999
2406,717,7999,7946
2407,214,8999,8999
2408,252,12999,12999
2409,376,9999,9999
2410,318,7999,7999
2411,657,16999,16999
2412,1197,12999,12999
2413,808,9999,9999
2414,751,9999,9999
2415,814,10999,9299
2416,364,13999,10999
2417,643,13999,10999
2418,545,12999,9999
2419,1049,8999,7499
2420,351,8999,7499
2421,542,8999,7499
2422,591,14999,14999
2423,388,18999,18999
2424,644,12999,12999
2425,799,12999,12999
2426,1320,9999,8299
2427,980,10999,9299
2428,417,10999,9299
2429,359,10999,9299
2430,217,11999,9999
2431,577,11999,9999
2432,588,13999,10999
2433,873,13999,10999
2434,1190,12999,9999
2435,1298,7990,7990
2436,583,12999,9999
2437,434,19999,16999
2438,1002,11999,11999
2439,1279,11999,11999
2440,719,11999,11999
2441,263,11999,11999
2442,991,9999,9999
2443,1121,9999,9999
2444,634,9999,9999
2445,277,13999,13999
2446,361,13999,10999
2447,1189,11999,11999
2448,914,13999,13999
2449,591,13999,13999
2450,246,9999,9999
2451,656,11999,11999
2452,926,13999,10999
2453,641,13999,10999
2454,954,8999,8999
2455,724,8999,8999
2456,285,14999,14999
2457,388,8999,8999
2458,384,12999,12999
2459,535,14999,12499
2460,232,14999,12499
2461,984,14999,12499
2462,972,12999,12999
2463,1236,11999,11999
2464,758,10999,10999
2465,672,10999,10999
2466,1089,10999,10999
2467,704,7999,7999
2468,1290,8999,8999
2469,1252,8999,8999
2470,1262,7999,7946
2471,413,7999,7946
2472,226,7999,7946
2473,295,11999,11999
2474,431,9999,9999
2475,890,8999,8999
2476,763,8999,8999
2477,405,9999,9999
2478,865,7499,7499
2479,389,7499,7499
2480,487,9999,9999
2481,639,9999,9999
2482,998,12999,12999
2483,383,11999,11999
2484,277,9999,9999
2485,1091,7499,7499
2486,526,10999,10999
2487,1088,9999,9999
2488,815,9999,9999
2489,1215,6999,6999
2490,934,16999,16999
2491,327,7999,7999
2492,770,10399,10399
2493,1104,12999,12999
2494,204,10999,10999
2495,312,9999,9999
2496,1063,9999,9999
2497,609,6999,6949
2498,1230,6999,6949
2499,1287,9999,9999
2500,1341,18999,18999
2501,1002,17999,17999
2502,996,12999,12999
2503,981,10999,10999
2504,996,10999,10999
2505,1263,8999,8999
2506,770,14999,14999
2507,405,11999,11999
2508,316,19999,19999
2509,831,8999,8999
2510,691,9999,9999
2511,1247,10999,10999
2512,719,10999,10999
2513,834,10999,10999
2514,1171,9999,9999
2515,1188,17999,17999
2516,1322,17999,17999
2517,1097,10999,10999
2518,8301,47990,39999
2519,10940,33999,28999
2520,5534,10999,7999
2521,4023,10999,7999
2522,7830,11999,8999
2523,1839,11999,8999
2524,5390,14449,14449
2525,8473,10490,10490
2526,1469,10490,10490
2527,504,10490,10490
2528,4979,13490,13490
2529,8063,17790,17790
2530,3510,109900,104900
2531,3285,139900,139900
2532,1625,159900,159900
2533,1006,149900,149900
2534,1473,69900,64900
2535,3470,119900,119900
2536,3393,99900,94900
2537,2353,139900,139900
2538,1590,139900,139900
2539,1335,159900,159900
2540,1657,159900,159900
2541,1174,129900,129900
2542,3483,129900,129900
2543,1456,129900,129900
2544,1336,139900,139900
2545,1557,139900,139900
2546,3504,159900,159900
2547,2287,159900,159900
2548,3545,21990,21990
2549,2836,22490,22490
2550,2400,20999,17499
2551,9393,20999,17499
2552,9248,18999,14999
2553,6308,18999,14999
2554,3388,21999,17999
2555,347,21999,17999
2556,1170,21999,17999
2557,8452,23999,20999
2558,5778,27999,24999
2559,8782,31999,28999
2560,6586,27999,24999
2561,2695,29999,26999
2562,7605,23999,20999
2563,1146,26999,22999
2564,2308,24999,19999
2565,1916,24999,19999
2566,7081,26999,22999
2567,5376,31999,28999
2568,1500,29999,26999
2569,2744,14999,12999
2570,9340,13999,11999
2571,649,14999,12999
2572,6251,17999,14999
2573,4751,17999,14999
2574,3200,19999,16499
2575,1901,21999,17999
2576,7789,21999,17999
2577,8714,19999,16499
2578,2331,16999,14999
2579,4918,21999,18999
2580,5292,19999,16999
2581,4263,19999,16999
2582,3461,16999,14999
2583,4580,21999,18999
2584,5829,16999,14999
2585,1479,21999,18999
2586,5555,19999,16999
2587,10784,54990,54990
2588,3613,22999,15999
2589,4297,59990,59990
2590,6763,23999,16999
2591,7903,23999,16999
2592,14241,22999,15999
2593,5810,10499,7999
2594,5296,10499,7999
2595,5128,23900,22910
2596,10678,26990,22930
2597,8206,31889,27839
2598,10379,25990,25990
2599,6400,28449,25489
2600,13081,31489,27239
2601,15252,22989,22989
2602,9211,22595,20350
